mode,seed,final_energy,total_shots,shots_saved_pct
aqse,1000,-0.7028136815778386,5120,75.0
aqse,1001,-0.6932008780128696,5632,72.5
aqse,1002,-0.7104065579986022,5632,72.5
baseline,1000,-0.7318625398060423,24576,-19.999999999999996
baseline,1001,-0.7165328659829655,24576,-19.999999999999996
baseline,1002,-0.7169411222460107,24576,-19.999999999999996
