mode,seed,final_energy,total_shots,shots_saved_pct
aqse,1000,-0.7087425538290723,5120,75.0
aqse,1001,-0.7164373223699346,5632,72.5
aqse,1002,-0.6944576808554621,5632,72.5
baseline,1000,-0.7211181496507932,24576,-19.999999999999996
baseline,1001,-0.714454148719347,24576,-19.999999999999996
baseline,1002,-0.7145688001133085,24576,-19.999999999999996
